{"__type__":"sp.SkeletonData","_name":"item2","skeletonJsonStr":"{\n\"skeleton\": { \"hash\": \"ptLKP640UZiyiqj1APSxC7+u/eI\", \"spine\": \"3.6.53\", \"width\": 438.55, \"height\": 566.08, \"images\": \"./images/\" },\n\"bones\": [\n\t{ \"name\": \"root\" },\n\t{ \"name\": \"7\", \"parent\": \"root\", \"x\": 0.61, \"y\": -50.22 },\n\t{ \"name\": \"8\", \"parent\": \"7\", \"x\": -0.86, \"y\": 53.32 }\n],\n\"slots\": [\n\t{ \"name\": \"5\", \"bone\": \"7\", \"attachment\": \"5\" }\n],\n\"skins\": {\n\t\"default\": {\n\t\t\"5\": {\n\t\t\t\"5\": {\n\t\t\t\t\"type\": \"mesh\",\n\t\t\t\t\"uvs\": [ 1, 0.17096, 1, 0.37055, 1, 0.59865, 1, 0.83388, 1, 1, 0.8097, 1, 0.58393, 1, 0.36297, 1, 0.18284, 1, 0, 1, 0, 0.87193, 0, 0.64202, 0, 0.37302, 0, 0.15919, 0, 0, 0.16868, 0, 0.39952, 0, 0.63036, 0, 0.82397, 0, 1, 0, 0.18764, 0.31094, 0.19004, 0.16379, 0.33655, 0.09712, 0.48786, 0.1385, 0.63917, 0.09022, 0.78328, 0.1569, 0.8121, 0.32013, 0.93459, 0.37991, 0.8121, 0.6765, 0.82651, 0.80525, 0.73765, 0.91101, 0.56712, 0.91561, 0.49987, 0.84894, 0.39659, 0.91101, 0.22126, 0.90642, 0.17323, 0.78686, 0.17563, 0.6719, 0.07716, 0.61902, 0.03633, 0.45578, 0.09637, 0.32933, 0.94772, 0.48001, 0.92386, 0.59134, 0.36807, 0.32004, 0.36538, 0.49498, 0.3627, 0.66992, 0.62338, 0.6339, 0.61801, 0.48212, 0.61263, 0.33805 ],\n\t\t\t\t\"triangles\": [ 5, 30, 29, 6, 33, 31, 33, 32, 31, 6, 31, 30, 7, 34, 33, 30, 31, 45, 32, 33, 44, 31, 32, 45, 29, 45, 28, 29, 30, 45, 10, 35, 34, 33, 34, 35, 44, 33, 35, 44, 35, 36, 35, 11, 37, 32, 44, 45, 41, 3, 28, 3, 29, 28, 35, 37, 36, 41, 28, 46, 44, 36, 43, 44, 43, 45, 43, 36, 37, 11, 38, 37, 43, 46, 45, 28, 45, 46, 43, 37, 20, 20, 38, 39, 20, 37, 38, 41, 40, 2, 41, 46, 40, 40, 26, 27, 26, 40, 46, 43, 47, 46, 43, 42, 47, 43, 20, 42, 46, 47, 26, 40, 27, 1, 38, 12, 39, 27, 26, 0, 42, 23, 47, 47, 25, 26, 47, 24, 25, 47, 23, 24, 20, 39, 21, 26, 25, 0, 20, 21, 42, 21, 22, 42, 42, 22, 23, 21, 39, 13, 21, 15, 22, 25, 24, 18, 22, 16, 23, 23, 17, 24, 5, 3, 4, 6, 30, 5, 5, 29, 3, 7, 33, 6, 8, 34, 7, 34, 8, 10, 8, 9, 10, 35, 10, 11, 3, 41, 2, 11, 12, 38, 40, 1, 2, 1, 27, 0, 12, 13, 39, 25, 18, 0, 18, 19, 0, 13, 15, 21, 13, 14, 15, 23, 16, 17, 22, 15, 16, 24, 17, 18 ],\n\t\t\t\t\"vertices\": [ 1, 1, 56.39, 88.72, 1, 1, 1, 56.39, 65.36, 1, 1, 1, 56.39, 38.68, 1, 1, 1, 56.39, 11.15, 1, 1, 1, 56.39, -8.28, 1, 1, 1, 35.08, -8.28, 1, 1, 1, 9.79, -8.28, 1, 1, 1, -14.96, -8.28, 1, 1, 1, -35.13, -8.28, 1, 1, 1, -55.61, -8.28, 1, 1, 1, -55.61, 6.7, 1, 1, 1, -55.61, 33.6, 1, 1, 1, -55.61, 65.08, 1, 1, 1, -55.61, 90.09, 1, 1, 1, -55.61, 108.72, 1, 1, 1, -36.72, 108.72, 1, 1, 1, -10.87, 108.72, 1, 1, 1, 14.99, 108.72, 1, 1, 1, 36.67, 108.72, 1, 1, 1, 56.39, 108.72, 1, 1, 2, -33.74, 19.02, 1, 1, 2, -33.47, 36.23, 1, 1, 2, -17.06, 44.04, 1, 1, 2, -0.11, 39.19, 1, 1, 2, 16.84, 44.84, 1, 1, 2, 32.98, 37.04, 1, 1, 2, 36.2, 17.94, 1, 1, 2, 49.92, 10.95, 1, 1, 2, 36.2, -23.75, 1, 1, 2, 37.82, -38.82, 1, 1, 2, 27.86, -51.19, 1, 1, 2, 8.77, -51.73, 1, 1, 2, 1.23, -43.93, 1, 1, 2, -10.33, -51.19, 1, 1, 2, -29.97, -50.65, 1, 1, 2, -35.35, -36.66, 1, 1, 2, -35.08, -23.21, 1, 1, 2, -46.11, -17.03, 1, 1, 2, -50.68, 2.07, 1, 1, 2, -43.96, 16.87, 1, 1, 2, 51.39, -0.76, 1, 1, 2, 48.72, -13.79, 1, 1, 2, -13.53, 17.95, 1, 1, 2, -13.83, -2.51, 1, 1, 2, -14.13, -22.98, 1, 1, 2, 15.07, -18.77, 1, 1, 2, 14.47, -1.01, 1, 1, 2, 13.86, 15.85, 1 ],\n\t\t\t\t\"hull\": 20,\n\t\t\t\t\"edges\": [ 28, 30, 30, 32, 32, 34, 34, 36, 36, 38, 0, 38, 0, 2, 2, 4, 4, 6, 6, 8, 8, 10, 10, 12, 12, 14, 14, 16, 16, 18, 18, 20, 20, 22, 22, 24, 24, 26, 26, 28, 40, 42, 42, 44, 44, 46, 46, 48, 48, 50, 50, 52, 52, 54, 56, 58, 58, 60, 60, 62, 62, 64, 64, 66, 66, 68, 68, 70, 70, 72, 72, 74, 74, 76, 76, 78, 78, 40, 54, 80, 80, 82, 82, 56 ],\n\t\t\t\t\"width\": 112,\n\t\t\t\t\"height\": 117\n\t\t\t}\n\t\t}\n\t}\n},\n\"animations\": {\n\t\"animation\": {\n\t\t\"bones\": {\n\t\t\t\"8\": {\n\t\t\t\t\"scale\": [\n\t\t\t\t\t{\n\t\t\t\t\t\t\"time\": 0,\n\t\t\t\t\t\t\"x\": 1.024,\n\t\t\t\t\t\t\"y\": 1.024,\n\t\t\t\t\t\t\"curve\": [ 0.382, 0.58, 0.731, 1 ]\n\t\t\t\t\t},\n\t\t\t\t\t{ \"time\": 0.1, \"x\": 1, \"y\": 1 },\n\t\t\t\t\t{\n\t\t\t\t\t\t\"time\": 0.4333,\n\t\t\t\t\t\t\"x\": 1.1,\n\t\t\t\t\t\t\"y\": 1.1,\n\t\t\t\t\t\t\"curve\": [ 0.25, 0, 0.75, 1 ]\n\t\t\t\t\t},\n\t\t\t\t\t{\n\t\t\t\t\t\t\"time\": 0.7667,\n\t\t\t\t\t\t\"x\": 1,\n\t\t\t\t\t\t\"y\": 1,\n\t\t\t\t\t\t\"curve\": [ 0.25, 0, 0.75, 1 ]\n\t\t\t\t\t},\n\t\t\t\t\t{\n\t\t\t\t\t\t\"time\": 1.1,\n\t\t\t\t\t\t\"x\": 1.1,\n\t\t\t\t\t\t\"y\": 1.1,\n\t\t\t\t\t\t\"curve\": [ 0.25, 0, 0.75, 1 ]\n\t\t\t\t\t},\n\t\t\t\t\t{\n\t\t\t\t\t\t\"time\": 1.4333,\n\t\t\t\t\t\t\"x\": 1,\n\t\t\t\t\t\t\"y\": 1,\n\t\t\t\t\t\t\"curve\": [ 0.25, 0, 0.75, 1 ]\n\t\t\t\t\t},\n\t\t\t\t\t{\n\t\t\t\t\t\t\"time\": 1.7667,\n\t\t\t\t\t\t\"x\": 1.1,\n\t\t\t\t\t\t\"y\": 1.1,\n\t\t\t\t\t\t\"curve\": [ 0.243, 0, 0.655, 0.63 ]\n\t\t\t\t\t},\n\t\t\t\t\t{ \"time\": 2, \"x\": 1.024, \"y\": 1.024 }\n\t\t\t\t]\n\t\t\t},\n\t\t\t\"7\": {\n\t\t\t\t\"rotate\": [\n\t\t\t\t\t{\n\t\t\t\t\t\t\"time\": 0,\n\t\t\t\t\t\t\"angle\": -5.15,\n\t\t\t\t\t\t\"curve\": [ 0.25, 0, 0.75, 1 ]\n\t\t\t\t\t},\n\t\t\t\t\t{\n\t\t\t\t\t\t\"time\": 0.3333,\n\t\t\t\t\t\t\"angle\": 0,\n\t\t\t\t\t\t\"curve\": [ 0.25, 0, 0.75, 1 ]\n\t\t\t\t\t},\n\t\t\t\t\t{\n\t\t\t\t\t\t\"time\": 0.6667,\n\t\t\t\t\t\t\"angle\": -5.15,\n\t\t\t\t\t\t\"curve\": [ 0.25, 0, 0.75, 1 ]\n\t\t\t\t\t},\n\t\t\t\t\t{\n\t\t\t\t\t\t\"time\": 1,\n\t\t\t\t\t\t\"angle\": 0,\n\t\t\t\t\t\t\"curve\": [ 0.25, 0, 0.75, 1 ]\n\t\t\t\t\t},\n\t\t\t\t\t{\n\t\t\t\t\t\t\"time\": 1.3333,\n\t\t\t\t\t\t\"angle\": -5.15,\n\t\t\t\t\t\t\"curve\": [ 0.25, 0, 0.75, 1 ]\n\t\t\t\t\t},\n\t\t\t\t\t{\n\t\t\t\t\t\t\"time\": 1.6667,\n\t\t\t\t\t\t\"angle\": 0,\n\t\t\t\t\t\t\"curve\": [ 0.25, 0, 0.75, 1 ]\n\t\t\t\t\t},\n\t\t\t\t\t{ \"time\": 2, \"angle\": -5.15 }\n\t\t\t\t]\n\t\t\t}\n\t\t}\n\t}\n}\n}","_skeletonJson":{"skeleton":{"hash":"ptLKP640UZiyiqj1APSxC7+u/eI","spine":"3.6.53","width":438.55,"height":566.08,"images":"./images/"},"bones":[{"name":"root"},{"name":"7","parent":"root","x":0.61,"y":-50.22},{"name":"8","parent":"7","x":-0.86,"y":53.32}],"slots":[{"name":"5","bone":"7","attachment":"5"}],"skins":{"default":{"5":{"5":{"type":"mesh","uvs":[1,0.17096,1,0.37055,1,0.59865,1,0.83388,1,1,0.8097,1,0.58393,1,0.36297,1,0.18284,1,0,1,0,0.87193,0,0.64202,0,0.37302,0,0.15919,0,0,0.16868,0,0.39952,0,0.63036,0,0.82397,0,1,0,0.18764,0.31094,0.19004,0.16379,0.33655,0.09712,0.48786,0.1385,0.63917,0.09022,0.78328,0.1569,0.8121,0.32013,0.93459,0.37991,0.8121,0.6765,0.82651,0.80525,0.73765,0.91101,0.56712,0.91561,0.49987,0.84894,0.39659,0.91101,0.22126,0.90642,0.17323,0.78686,0.17563,0.6719,0.07716,0.61902,0.03633,0.45578,0.09637,0.32933,0.94772,0.48001,0.92386,0.59134,0.36807,0.32004,0.36538,0.49498,0.3627,0.66992,0.62338,0.6339,0.61801,0.48212,0.61263,0.33805],"triangles":[5,30,29,6,33,31,33,32,31,6,31,30,7,34,33,30,31,45,32,33,44,31,32,45,29,45,28,29,30,45,10,35,34,33,34,35,44,33,35,44,35,36,35,11,37,32,44,45,41,3,28,3,29,28,35,37,36,41,28,46,44,36,43,44,43,45,43,36,37,11,38,37,43,46,45,28,45,46,43,37,20,20,38,39,20,37,38,41,40,2,41,46,40,40,26,27,26,40,46,43,47,46,43,42,47,43,20,42,46,47,26,40,27,1,38,12,39,27,26,0,42,23,47,47,25,26,47,24,25,47,23,24,20,39,21,26,25,0,20,21,42,21,22,42,42,22,23,21,39,13,21,15,22,25,24,18,22,16,23,23,17,24,5,3,4,6,30,5,5,29,3,7,33,6,8,34,7,34,8,10,8,9,10,35,10,11,3,41,2,11,12,38,40,1,2,1,27,0,12,13,39,25,18,0,18,19,0,13,15,21,13,14,15,23,16,17,22,15,16,24,17,18],