{"__type__":"sp.SkeletonData","_name":"item1","skeletonJsonStr":"{\n\"skeleton\": { \"hash\": \"i9+vaKHgQdQhj2DPmoWiF16mIfQ\", \"spine\": \"3.6.53\", \"width\": 438.55, \"height\": 566.08, \"images\": \"./images/\" },\n\"bones\": [\n\t{ \"name\": \"root\" },\n\t{ \"name\": \"1\", \"parent\": \"root\", \"x\": -1.11, \"y\": -42.6 },\n\t{ \"name\": \"2\", \"parent\": \"1\", \"y\": 43.86 }\n],\n\"slots\": [\n\t{ \"name\": \"1\", \"bone\": \"1\", \"attachment\": \"1\" }\n],\n\"skins\": {\n\t\"default\": {\n\t\t\"1\": {\n\t\t\t\"1\": {\n\t\t\t\t\"type\": \"mesh\",\n\t\t\t\t\"uvs\": [ 1, 0.17841, 1, 0.38318, 1, 0.64793, 1, 0.85684, 1, 1, 0.82242, 1, 0.63228, 1, 0.38164, 1, 0.15476, 1, 0, 1, 0, 0.80513, 0, 0.61484, 0, 0.43696, 0, 0.24667, 0, 0, 0.22823, 0, 0.5048, 0, 0.7684, 0, 1, 0, 0.49745, 0.23639, 0.44929, 0.18075, 0.33802, 0.1426, 0.21347, 0.16327, 0.13708, 0.23639, 0.09722, 0.33496, 0.08891, 0.4685, 0.13209, 0.59409, 0.22177, 0.70219, 0.32308, 0.79439, 0.4277, 0.86911, 0.4825, 0.90568, 0.53399, 0.90727, 0.62865, 0.83891, 0.75984, 0.73398, 0.86779, 0.60998, 0.92093, 0.49234, 0.92259, 0.36516, 0.87443, 0.23162, 0.78974, 0.14896, 0.67515, 0.13465, 0.55558, 0.17916, 0.31322, 0.27632, 0.30672, 0.3961, 0.3051, 0.51743, 0.3051, 0.63721, 0.69672, 0.67765, 0.6951, 0.53765, 0.69347, 0.38054, 0.69347, 0.2561, 0.50286, 0.76177, 0.51135, 0.60462, 0.51418, 0.4529, 0.50569, 0.34181 ],\n\t\t\t\t\"triangles\": [ 7, 30, 31, 31, 30, 49, 34, 46, 35, 50, 43, 51, 51, 43, 42, 50, 51, 46, 51, 42, 52, 26, 25, 43, 51, 47, 46, 46, 47, 35, 42, 41, 52, 41, 19, 52, 41, 20, 19, 43, 25, 42, 35, 47, 36, 25, 24, 42, 51, 52, 47, 42, 24, 41, 41, 24, 23, 52, 48, 47, 47, 37, 36, 47, 48, 37, 48, 19, 40, 48, 52, 19, 23, 22, 41, 41, 21, 20, 41, 22, 21, 40, 39, 48, 48, 38, 37, 48, 39, 38, 19, 20, 40, 29, 28, 49, 32, 45, 33, 32, 49, 45, 27, 44, 28, 28, 44, 49, 49, 50, 45, 49, 44, 50, 33, 45, 34, 27, 26, 44, 50, 46, 45, 45, 46, 34, 26, 43, 44, 44, 43, 50, 35, 36, 1, 25, 12, 24, 36, 37, 0, 24, 13, 23, 23, 14, 22, 37, 38, 0, 40, 20, 16, 20, 21, 16, 40, 16, 39, 22, 15, 21, 39, 17, 38, 33, 5, 32, 7, 28, 29, 27, 28, 8, 32, 31, 49, 30, 29, 49, 10, 26, 27, 33, 34, 2, 34, 35, 2, 11, 25, 26, 31, 32, 6, 7, 29, 30, 35, 1, 2, 11, 12, 25, 12, 13, 24, 36, 0, 1, 13, 14, 23, 38, 18, 0, 22, 14, 15, 38, 17, 18, 21, 15, 16, 39, 16, 17, 5, 3, 4, 3, 5, 33, 6, 7, 31, 5, 6, 32, 8, 28, 7, 27, 8, 10, 10, 8, 9, 3, 33, 2, 10, 11, 26 ],\n\t\t\t\t\"vertices\": [ 1, 1, 58.11, 81.32, 1, 1, 1, 58.11, 57.37, 1, 1, 1, 58.11, 26.39, 1, 1, 1, 58.11, 1.95, 1, 1, 1, 58.11, -14.8, 1, 1, 1, 38.22, -14.8, 1, 1, 1, 16.92, -14.8, 1, 1, 1, -11.15, -14.8, 1, 1, 1, -36.56, -14.8, 1, 1, 1, -53.89, -14.8, 1, 1, 1, -53.89, 8, 1, 1, 1, -53.89, 30.26, 1, 1, 1, -53.89, 51.07, 1, 1, 1, -53.89, 73.34, 1, 1, 1, -53.89, 102.2, 1, 1, 1, -28.33, 102.2, 1, 1, 1, 2.65, 102.2, 1, 1, 1, 32.17, 102.2, 1, 1, 1, 58.11, 102.2, 1, 1, 2, 1.82, 30.68, 1, 1, 2, -3.57, 37.19, 1, 1, 2, -16.03, 41.65, 1, 1, 2, -29.98, 39.24, 1, 1, 2, -38.54, 30.68, 1, 1, 2, -43, 19.15, 1, 1, 2, -43.93, 3.52, 1, 1, 2, -39.1, -11.17, 1, 1, 2, -29.05, -23.82, 1, 1, 2, -17.71, -34.61, 1, 1, 2, -5.99, -43.35, 1, 1, 2, 0.15, -47.63, 1, 1, 2, 5.91, -47.81, 1, 1, 2, 16.52, -39.81, 1, 1, 2, 31.21, -27.54, 1, 1, 2, 43.3, -13.03, 1, 1, 2, 49.25, 0.73, 1, 1, 2, 49.44, 15.61, 1, 1, 2, 44.04, 31.24, 1, 1, 2, 34.56, 40.91, 1, 1, 2, 21.72, 42.58, 1, 1, 2, 8.33, 37.38, 1, 1, 2, -18.81, 26.01, 1, 1, 2, -19.54, 11.99, 1, 1, 2, -19.72, -2.2, 1, 1, 2, -19.72, -16.22, 1, 1, 2, 24.14, -20.95, 1, 1, 2, 23.96, -4.57, 1, 1, 2, 23.78, 13.81, 1, 1, 2, 23.78, 28.37, 1, 1, 2, 2.43, -30.79, 1, 1, 2, 3.38, -12.4, 1, 1, 2, 3.7, 5.35, 1, 1, 2, 2.75, 18.35, 1 ],\n\t\t\t\t\"hull\": 19,\n\t\t\t\t\"edges\": [ 38, 40, 40, 42, 42, 44, 44, 46, 46, 48, 48, 50, 50, 52, 52, 54, 54, 56, 56, 58, 58, 60, 60, 62, 62, 64, 64, 66, 66, 68, 68, 70, 70, 72, 72, 74, 74, 76, 76, 78, 78, 80, 80, 38, 26, 28, 24, 26, 22, 24, 18, 20, 20, 22, 16, 18, 14, 16, 12, 14, 8, 10, 10, 12, 8, 6, 6, 4, 4, 2, 2, 0, 0, 36, 34, 36, 32, 34, 28, 30, 30, 32 ],\n\t\t\t\t\"width\": 112,\n\t\t\t\t\"height\": 117\n\t\t\t}\n\t\t}\n\t}\n},\n\"animations\": {\n\t\"animation\": {\n\t\t\"bones\": {\n\t\t\t\"2\": {\n\t\t\t\t\"scale\": [\n\t\t\t\t\t{\n\t\t\t\t\t\t\"time\": 0,\n\t\t\t\t\t\t\"x\": 1.024,\n\t\t\t\t\t\t\"y\": 1.024,\n\t\t\t\t\t\t\"curve\": [ 0.382, 0.58, 0.731, 1 ]\n\t\t\t\t\t},\n\t\t\t\t\t{\n\t\t\t\t\t\t\"time\": 0.1,\n\t\t\t\t\t\t\"x\": 1,\n\t\t\t\t\t\t\"y\": 1,\n\t\t\t\t\t\t\"curve\": [ 0.25, 0, 0.75, 1 ]\n\t\t\t\t\t},\n\t\t\t\t\t{\n\t\t\t\t\t\t\"time\": 0.4333,\n\t\t\t\t\t\t\"x\": 1.1,\n\t\t\t\t\t\t\"y\": 1.1,\n\t\t\t\t\t\t\"curve\": [ 0.25, 0, 0.75, 1 ]\n\t\t\t\t\t},\n\t\t\t\t\t{\n\t\t\t\t\t\t\"time\": 0.7667,\n\t\t\t\t\t\t\"x\": 1,\n\t\t\t\t\t\t\"y\": 1,\n\t\t\t\t\t\t\"curve\": [ 0.25, 0, 0.75, 1 ]\n\t\t\t\t\t},\n\t\t\t\t\t{\n\t\t\t\t\t\t\"time\": 1.1,\n\t\t\t\t\t\t\"x\": 1.1,\n\t\t\t\t\t\t\"y\": 1.1,\n\t\t\t\t\t\t\"curve\": [ 0.25, 0, 0.75, 1 ]\n\t\t\t\t\t},\n\t\t\t\t\t{\n\t\t\t\t\t\t\"time\": 1.4333,\n\t\t\t\t\t\t\"x\": 1,\n\t\t\t\t\t\t\"y\": 1,\n\t\t\t\t\t\t\"curve\": [ 0.25, 0, 0.75, 1 ]\n\t\t\t\t\t},\n\t\t\t\t\t{\n\t\t\t\t\t\t\"time\": 1.7667,\n\t\t\t\t\t\t\"x\": 1.1,\n\t\t\t\t\t\t\"y\": 1.1,\n\t\t\t\t\t\t\"curve\": [ 0.243, 0, 0.655, 0.63 ]\n\t\t\t\t\t},\n\t\t\t\t\t{ \"time\": 2, \"x\": 1.024, \"y\": 1.024 }\n\t\t\t\t]\n\t\t\t},\n\t\t\t\"1\": {\n\t\t\t\t\"rotate\": [\n\t\t\t\t\t{\n\t\t\t\t\t\t\"time\": 0,\n\t\t\t\t\t\t\"angle\": -5.15,\n\t\t\t\t\t\t\"curve\": [ 0.25, 0, 0.75, 1 ]\n\t\t\t\t\t},\n\t\t\t\t\t{\n\t\t\t\t\t\t\"time\": 0.3333,\n\t\t\t\t\t\t\"angle\": 0,\n\t\t\t\t\t\t\"curve\": [ 0.25, 0, 0.75, 1 ]\n\t\t\t\t\t},\n\t\t\t\t\t{\n\t\t\t\t\t\t\"time\": 0.6667,\n\t\t\t\t\t\t\"angle\": -5.15,\n\t\t\t\t\t\t\"curve\": [ 0.25, 0, 0.75, 1 ]\n\t\t\t\t\t},\n\t\t\t\t\t{\n\t\t\t\t\t\t\"time\": 1,\n\t\t\t\t\t\t\"angle\": 0,\n\t\t\t\t\t\t\"curve\": [ 0.25, 0, 0.75, 1 ]\n\t\t\t\t\t},\n\t\t\t\t\t{\n\t\t\t\t\t\t\"time\": 1.3333,\n\t\t\t\t\t\t\"angle\": -5.15,\n\t\t\t\t\t\t\"curve\": [ 0.25, 0, 0.75, 1 ]\n\t\t\t\t\t},\n\t\t\t\t\t{\n\t\t\t\t\t\t\"time\": 1.6667,\n\t\t\t\t\t\t\"angle\": 0,\n\t\t\t\t\t\t\"curve\": [ 0.25, 0, 0.75, 1 ]\n\t\t\t\t\t},\n\t\t\t\t\t{ \"time\": 2, \"angle\": -5.15 }\n\t\t\t\t]\n\t\t\t}\n\t\t}\n\t}\n}\n}","_skeletonJson":{"skeleton":{"hash":"i9+vaKHgQdQhj2DPmoWiF16mIfQ","spine":"3.6.53","width":438.55,"height":566.08,"images":"./images/"},"bones":[{"name":"root"},{"name":"1","parent":"root","x":-1.11,"y":-42.6},{"name":"2","parent":"1","y":43.86}],"slots":[{"name":"1","bone":"1","attachment":"1"}],"skins":{"default":{"1":{"1":{"type":"mesh","uvs":[1,0.17841,1,0.38318,1,0.64793,1,0.85684,1,1,0.82242,1,0.63228,1,0.38164,1,0.15476,1,0,1,0,0.80513,0,0.61484,0,0.43696,0,0.24667,0,0,0.22823,0,0.5048,0,0.7684,0,1,0,0.49745,0.23639,0.44929,0.18075,0.33802,0.1426,0.21347,0.16327,0.13708,0.23639,0.09722,0.33496,0.08891,0.4685,0.13209,0.59409,0.22177,0.70219,0.32308,0.79439,0.4277,0.86911,0.4825,0.90568,0.53399,0.90727,0.62865,0.83891,0.75984,0.73398,0.86779,0.60998,0.92093,0.49234,0.92259,0.36516,0.87443,0.23162,0.78974,0.14896,0.67515,0.13465,0.55558,0.17916,0.31322,0.27632,0.30672,0.3961,0.3051,0.51743,0.3051,0.63721,0.69672,0.67765,0.6951,0.53765,0.69347,0.38054,0.69347,0.2561,0.50286,0.76177,0.51135,0.60462,0.51418,0.4529,0.50569,0.34181],