{"__type__":"sp.SkeletonData","_name":"item5","skeletonJsonStr":"{\n\"skeleton\": { \"hash\": \"fCFkrZJaBGDDg7TXJMoIYeKpXYE\", \"spine\": \"3.6.53\", \"width\": 438.55, \"height\": 566.08, \"images\": \"./images/\" },\n\"bones\": [\n\t{ \"name\": \"root\" },\n\t{ \"name\": \"3\", \"parent\": \"root\", \"x\": 0.97, \"y\": -48 },\n\t{ \"name\": \"4\", \"parent\": \"3\", \"y\": 49.02 }\n],\n\"slots\": [\n\t{ \"name\": \"2\", \"bone\": \"3\", \"attachment\": \"2\" }\n],\n\"skins\": {\n\t\"default\": {\n\t\t\"2\": {\n\t\t\t\"2\": {\n\t\t\t\t\"type\": \"mesh\",\n\t\t\t\t\"uvs\": [ 1, 0.19976, 1, 0.44577, 1, 0.6874, 1, 0.89388, 1, 1, 0.82919, 1, 0.63873, 1, 0.36337, 1, 0.17062, 1, 0, 1, 0, 0.80821, 0, 0.56219, 0, 0.3667, 0, 0.18218, 0, 0, 0.21422, 0, 0.42992, 0, 0.64332, 0, 0.84296, 0, 1, 0, 0.11785, 0.37548, 0.14997, 0.21733, 0.27388, 0.13825, 0.41156, 0.12288, 0.60202, 0.12068, 0.74658, 0.13606, 0.83607, 0.22172, 0.88196, 0.34473, 0.88426, 0.50508, 0.89573, 0.65006, 0.88885, 0.75989, 0.78329, 0.85214, 0.62955, 0.86752, 0.44369, 0.8763, 0.26471, 0.86752, 0.1385, 0.78624, 0.11326, 0.58855, 0.32207, 0.28982, 0.32207, 0.52265, 0.32896, 0.71156, 0.52171, 0.71156, 0.51941, 0.50508, 0.51023, 0.28762, 0.72363, 0.28103, 0.72822, 0.51607, 0.73052, 0.70058 ],\n\t\t\t\t\"triangles\": [ 6, 32, 31, 8, 35, 34, 31, 30, 3, 34, 39, 33, 33, 40, 32, 32, 45, 31, 40, 38, 41, 40, 44, 45, 40, 41, 44, 36, 38, 39, 40, 39, 38, 29, 44, 28, 29, 45, 44, 2, 29, 28, 38, 36, 20, 36, 11, 20, 20, 37, 38, 41, 37, 42, 41, 38, 37, 41, 43, 44, 44, 27, 28, 44, 43, 27, 28, 27, 1, 41, 42, 43, 20, 21, 37, 20, 12, 21, 43, 26, 27, 27, 26, 0, 21, 22, 37, 37, 23, 42, 37, 22, 23, 42, 24, 43, 42, 23, 24, 43, 25, 26, 43, 24, 25, 22, 21, 15, 26, 25, 18, 23, 22, 16, 24, 17, 25, 23, 16, 24, 33, 39, 40, 32, 40, 45, 34, 35, 39, 31, 45, 30, 10, 36, 35, 35, 36, 39, 30, 29, 2, 30, 45, 29, 33, 32, 6, 7, 34, 33, 11, 12, 20, 27, 0, 1, 12, 13, 21, 0, 26, 18, 18, 19, 0, 15, 21, 14, 21, 13, 14, 25, 17, 18, 16, 22, 15, 24, 16, 17, 30, 2, 3, 10, 11, 36, 5, 3, 4, 6, 31, 5, 5, 31, 3, 7, 33, 6, 8, 34, 7, 8, 10, 35, 8, 9, 10, 2, 28, 1 ],\n\t\t\t\t\"vertices\": [ 1, 1, 58.03, 83.13, 1, 1, 1, 58.03, 54.34, 1, 1, 1, 58.03, 26.07, 1, 1, 1, 58.03, 1.91, 1, 1, 1, 58.03, -10.5, 1, 1, 1, 38.9, -10.5, 1, 1, 1, 17.57, -10.5, 1, 1, 1, -13.27, -10.5, 1, 1, 1, -34.86, -10.5, 1, 1, 1, -53.97, -10.5, 1, 1, 1, -53.97, 11.94, 1, 1, 1, -53.97, 40.72, 1, 1, 1, -53.97, 63.59, 1, 1, 1, -53.97, 85.18, 1, 1, 1, -53.97, 106.5, 1, 1, 1, -29.98, 106.5, 1, 1, 1, -5.82, 106.5, 1, 1, 1, 18.08, 106.5, 1, 1, 1, 40.44, 106.5, 1, 1, 1, 58.03, 106.5, 1, 1, 2, -40.77, 13.55, 1, 1, 2, -37.17, 32.05, 1, 1, 2, -23.3, 41.3, 1, 1, 2, -7.88, 43.1, 1, 1, 2, 13.45, 43.36, 1, 1, 2, 29.65, 41.56, 1, 1, 2, 39.67, 31.54, 1, 1, 2, 44.81, 17.14, 1, 1, 2, 45.07, -1.62, 1, 1, 2, 46.35, -18.58, 1, 1, 2, 45.58, -31.43, 1, 1, 2, 33.76, -42.22, 1, 1, 2, 16.54, -44.02, 1, 1, 2, -4.28, -45.05, 1, 1, 2, -24.32, -44.02, 1, 1, 2, -38.46, -34.51, 1, 2, 1, -41.29, 37.64, 0.33032, 2, -41.29, -11.38, 0.66968, 1, 2, -17.9, 23.57, 1, 1, 2, -17.9, -3.67, 1, 1, 2, -17.13, -25.77, 1, 1, 2, 4.46, -25.77, 1, 1, 2, 4.2, -1.62, 1, 1, 2, 3.17, 23.83, 1, 1, 2, 27.08, 24.6, 1, 1, 2, 27.59, -2.9, 1, 1, 2, 27.85, -24.49, 1 ],\n\t\t\t\t\"hull\": 20,\n\t\t\t\t\"edges\": [ 28, 30, 30, 32, 32, 34, 34, 36, 36, 38, 16, 18, 14, 16, 12, 14, 8, 10, 10, 12, 8, 6, 6, 4, 4, 2, 2, 0, 0, 38, 26, 28, 24, 26, 22, 24, 18, 20, 20, 22, 40, 42, 42, 44, 44, 46, 46, 48, 48, 50, 50, 52, 52, 54, 54, 56, 56, 58, 58, 60, 60, 62, 62, 64, 64, 66, 66, 68, 68, 70, 70, 72, 72, 40 ],\n\t\t\t\t\"width\": 112,\n\t\t\t\t\"height\": 117\n\t\t\t}\n\t\t}\n\t}\n},\n\"animations\": {\n\t\"animation\": {\n\t\t\"bones\": {\n\t\t\t\"4\": {\n\t\t\t\t\"scale\": [\n\t\t\t\t\t{\n\t\t\t\t\t\t\"time\": 0,\n\t\t\t\t\t\t\"x\": 1.024,\n\t\t\t\t\t\t\"y\": 1.024,\n\t\t\t\t\t\t\"curve\": [ 0.382, 0.58, 0.731, 1 ]\n\t\t\t\t\t},\n\t\t\t\t\t{\n\t\t\t\t\t\t\"time\": 0.1,\n\t\t\t\t\t\t\"x\": 1,\n\t\t\t\t\t\t\"y\": 1,\n\t\t\t\t\t\t\"curve\": [ 0.25, 0, 0.75, 1 ]\n\t\t\t\t\t},\n\t\t\t\t\t{\n\t\t\t\t\t\t\"time\": 0.4333,\n\t\t\t\t\t\t\"x\": 1.1,\n\t\t\t\t\t\t\"y\": 1.1,\n\t\t\t\t\t\t\"curve\": [ 0.25, 0, 0.75, 1 ]\n\t\t\t\t\t},\n\t\t\t\t\t{\n\t\t\t\t\t\t\"time\": 0.7667,\n\t\t\t\t\t\t\"x\": 1,\n\t\t\t\t\t\t\"y\": 1,\n\t\t\t\t\t\t\"curve\": [ 0.25, 0, 0.75, 1 ]\n\t\t\t\t\t},\n\t\t\t\t\t{\n\t\t\t\t\t\t\"time\": 1.1,\n\t\t\t\t\t\t\"x\": 1.1,\n\t\t\t\t\t\t\"y\": 1.1,\n\t\t\t\t\t\t\"curve\": [ 0.25, 0, 0.75, 1 ]\n\t\t\t\t\t},\n\t\t\t\t\t{\n\t\t\t\t\t\t\"time\": 1.4333,\n\t\t\t\t\t\t\"x\": 1,\n\t\t\t\t\t\t\"y\": 1,\n\t\t\t\t\t\t\"curve\": [ 0.25, 0, 0.75, 1 ]\n\t\t\t\t\t},\n\t\t\t\t\t{\n\t\t\t\t\t\t\"time\": 1.7667,\n\t\t\t\t\t\t\"x\": 1.1,\n\t\t\t\t\t\t\"y\": 1.1,\n\t\t\t\t\t\t\"curve\": [ 0.243, 0, 0.655, 0.63 ]\n\t\t\t\t\t},\n\t\t\t\t\t{ \"time\": 2, \"x\": 1.024, \"y\": 1.024 }\n\t\t\t\t]\n\t\t\t},\n\t\t\t\"3\": {\n\t\t\t\t\"rotate\": [\n\t\t\t\t\t{\n\t\t\t\t\t\t\"time\": 0,\n\t\t\t\t\t\t\"angle\": -5.15,\n\t\t\t\t\t\t\"curve\": [ 0.25, 0, 0.75, 1 ]\n\t\t\t\t\t},\n\t\t\t\t\t{\n\t\t\t\t\t\t\"time\": 0.3333,\n\t\t\t\t\t\t\"angle\": 0,\n\t\t\t\t\t\t\"curve\": [ 0.25, 0, 0.75, 1 ]\n\t\t\t\t\t},\n\t\t\t\t\t{\n\t\t\t\t\t\t\"time\": 0.6667,\n\t\t\t\t\t\t\"angle\": -5.15,\n\t\t\t\t\t\t\"curve\": [ 0.25, 0, 0.75, 1 ]\n\t\t\t\t\t},\n\t\t\t\t\t{\n\t\t\t\t\t\t\"time\": 1,\n\t\t\t\t\t\t\"angle\": 0,\n\t\t\t\t\t\t\"curve\": [ 0.25, 0, 0.75, 1 ]\n\t\t\t\t\t},\n\t\t\t\t\t{\n\t\t\t\t\t\t\"time\": 1.3333,\n\t\t\t\t\t\t\"angle\": -5.15,\n\t\t\t\t\t\t\"curve\": [ 0.25, 0, 0.75, 1 ]\n\t\t\t\t\t},\n\t\t\t\t\t{\n\t\t\t\t\t\t\"time\": 1.6667,\n\t\t\t\t\t\t\"angle\": 0,\n\t\t\t\t\t\t\"curve\": [ 0.25, 0, 0.75, 1 ]\n\t\t\t\t\t},\n\t\t\t\t\t{ \"time\": 2, \"angle\": -5.15 }\n\t\t\t\t]\n\t\t\t}\n\t\t}\n\t}\n}\n}","_skeletonJson":{"skeleton":{"hash":"fCFkrZJaBGDDg7TXJMoIYeKpXYE","spine":"3.6.53","width":438.55,"height":566.08,"images":"./images/"},"bones":[{"name":"root"},{"name":"3","parent":"root","x":0.97,"y":-48},{"name":"4","parent":"3","y":49.02}],"slots":[{"name":"2","bone":"3","attachment":"2"}],"skins":{"default":{"2":{"2":{"type":"mesh","uvs":[1,0.19976,1,0.44577,1,0.6874,1,0.89388,1,1,0.82919,1,0.63873,1,0.36337,1,0.17062,1,0,1,0,0.80821,0,0.56219,0,0.3667,0,0.18218,0,0,0.21422,0,0.42992,0,0.64332,0,0.84296,0,1,0,0.11785,0.37548,0.14997,0.21733,0.27388,0.13825,0.41156,0.12288,0.60202,0.12068,0.74658,0.13606,0.83607,0.22172,0.88196,0.34473,0.88426,0.50508,0.89573,0.65006,0.88885,0.75989,0.78329,0.85214,0.62955,0.86752,0.44369,0.8763,0.26471,0.86752,0.1385,0.78624,0.11326,0.58855,0.32207,0.28982,0.32207,0.52265,0.32896,0.71156,0.52171,0.71156,0.51941,0.50508,0.51023,0.28762,0.72363,0.28103,0.72822,0.51607,0.73052,0.70058],"triangles":[6,32,31,8,35,34,31,30,3,34,39,33,33,40,32,32,45,31,40,38,41,40,44,45,40,41,44,36,38,39,40,39,38,29,44,28,29,45,44,2,29,28,38,36,20,36,11,20,20,37,38,41,37,42,41,38,37,41,43,44,44,27,28,44,43,27,28,27,1,41,42,43,20,21,37,20,12,21,43,26,27,27,26,0,21,22,37,37,23,42,37,22,23,42,24,43,42,23,24,43,25,26,43,24,25,22,21,15,26,25,18,23,22,16,24,17,25,23,16,24,33,39,40,32,40,45,34,35,39,31,45,30,10,36,35,35,36,39,30,29,2,30,45,29,33,32,6,7,34,33,11,12,20,27,0,1,12,13,21,0,26,18,18,19,0,15,21,14,21,13,14,25,17,18,16,22,15,24,16,17,30,2,3,10,11,36,5,3,4,6,31,5,5,31,3,7,33,6,8,34,7,8,10,35,8,9,10,2,28,1],