{"__type__":"sp.SkeletonData","_name":"item3","skeletonJsonStr":"{\n\"skeleton\": { \"hash\": \"d9V1xhF2JOjLyqmLhpI2xarmK0U\", \"spine\": \"3.6.53\", \"width\": 438.55, \"height\": 566.08, \"images\": \"./images/\" },\n\"bones\": [\n\t{ \"name\": \"root\" },\n\t{ \"name\": \"5\", \"parent\": \"root\", \"x\": -3.69, \"y\": -51.62 },\n\t{ \"name\": \"6\", \"parent\": \"5\", \"x\": 4.3, \"y\": 59.34 }\n],\n\"slots\": [\n\t{ \"name\": \"3\", \"bone\": \"5\", \"attachment\": \"3\" }\n],\n\"skins\": {\n\t\"default\": {\n\t\t\"3\": {\n\t\t\t\"3\": {\n\t\t\t\t\"type\": \"mesh\",\n\t\t\t\t\"uvs\": [ 1, 0.21754, 1, 0.43354, 1, 0.63954, 1, 0.83154, 1, 1, 0.84333, 1, 0.65947, 1, 0.41711, 1, 0.22209, 1, 0, 1, 0, 0.77609, 0, 0.55138, 0, 0.32617, 0, 0.16489, 0, 0, 0.1267, 0, 0.32936, 0, 0.57172, 0, 0.80781, 0, 1, 0, 0.14551, 0.32354, 0.19774, 0.17954, 0.34817, 0.10354, 0.55083, 0.08154, 0.71588, 0.13954, 0.81199, 0.25154, 0.86004, 0.41354, 0.88929, 0.58954, 0.87467, 0.75154, 0.7514, 0.85954, 0.56754, 0.91154, 0.36697, 0.91354, 0.19983, 0.83354, 0.10372, 0.67954, 0.11417, 0.48154, 0.33561, 0.2825, 0.33766, 0.50071, 0.3315, 0.70712, 0.5307, 0.7366, 0.53891, 0.47319, 0.52659, 0.29037, 0.72168, 0.30216, 0.72784, 0.49481, 0.734, 0.72284 ],\n\t\t\t\t\"triangles\": [ 22, 16, 23, 23, 17, 24, 21, 16, 22, 25, 24, 18, 35, 21, 22, 40, 22, 23, 40, 23, 24, 35, 22, 40, 41, 24, 25, 40, 24, 41, 20, 13, 21, 20, 21, 35, 26, 25, 0, 41, 25, 26, 39, 40, 41, 34, 12, 20, 42, 41, 26, 39, 41, 42, 39, 36, 35, 39, 35, 40, 20, 35, 36, 34, 20, 36, 27, 26, 1, 42, 26, 27, 33, 11, 34, 33, 34, 36, 37, 33, 36, 43, 42, 27, 38, 36, 39, 38, 39, 42, 38, 42, 43, 37, 36, 38, 28, 43, 27, 28, 27, 2, 32, 33, 37, 10, 33, 32, 29, 43, 28, 29, 30, 38, 29, 38, 43, 31, 37, 38, 31, 38, 30, 32, 37, 31, 8, 32, 31, 7, 31, 30, 6, 30, 29, 5, 29, 28, 23, 16, 17, 24, 17, 18, 13, 14, 15, 21, 15, 16, 13, 15, 21, 18, 19, 0, 0, 25, 18, 12, 13, 20, 26, 0, 1, 11, 12, 34, 27, 1, 2, 10, 11, 33, 28, 2, 3, 9, 10, 32, 9, 32, 8, 8, 31, 7, 7, 30, 6, 5, 28, 3, 6, 29, 5, 5, 3, 4 ],\n\t\t\t\t\"vertices\": [ 1, 1, 60.69, 84.67, 1, 1, 1, 60.69, 59.39, 1, 1, 1, 60.69, 35.29, 1, 1, 1, 60.69, 12.83, 1, 1, 1, 60.69, -6.88, 1, 1, 1, 43.14, -6.88, 1, 1, 1, 22.55, -6.88, 1, 1, 1, -4.59, -6.88, 1, 1, 1, -26.44, -6.88, 1, 1, 1, -51.31, -6.88, 1, 1, 1, -51.31, 19.32, 1, 1, 1, -51.31, 45.61, 1, 1, 1, -51.31, 71.96, 1, 1, 1, -51.31, 90.83, 1, 1, 1, -51.31, 110.12, 1, 1, 1, -37.12, 110.12, 1, 1, 1, -14.42, 110.12, 1, 1, 1, 12.72, 110.12, 1, 1, 1, 39.16, 110.12, 1, 1, 1, 60.69, 110.12, 1, 1, 2, -39.31, 12.92, 1, 1, 2, -33.46, 29.77, 1, 1, 2, -16.62, 38.66, 1, 1, 2, 6.08, 41.24, 1, 1, 2, 24.57, 34.45, 1, 1, 2, 35.33, 21.35, 1, 1, 2, 40.71, 2.39, 1, 1, 2, 43.99, -18.2, 1, 1, 2, 42.35, -37.15, 1, 1, 2, 28.55, -49.79, 1, 1, 2, 7.95, -55.87, 1, 1, 2, -14.51, -56.11, 1, 1, 2, -33.23, -46.75, 1, 1, 2, -43.99, -28.73, 1, 1, 2, -42.82, -5.56, 1, 1, 2, -18.02, 17.73, 1, 1, 2, -17.79, -7.8, 1, 1, 2, -18.48, -31.95, 1, 1, 2, 3.83, -35.4, 1, 1, 2, 4.75, -4.58, 1, 1, 2, 3.37, 16.81, 1, 1, 2, 25.22, 15.43, 1, 1, 2, 25.91, -7.11, 1, 1, 2, 26.6, -33.79, 1 ],\n\t\t\t\t\"hull\": 20,\n\t\t\t\t\"edges\": [ 26, 28, 24, 26, 22, 24, 18, 20, 20, 22, 16, 18, 14, 16, 12, 14, 8, 10, 10, 12, 8, 6, 6, 4, 4, 2, 2, 0, 0, 38, 36, 38, 34, 36, 32, 34, 28, 30, 30, 32, 40, 42, 42, 44, 44, 46, 46, 48, 48, 50, 50, 52, 52, 54, 54, 56, 56, 58, 58, 60, 60, 62, 62, 64, 64, 66, 66, 68, 68, 40 ],\n\t\t\t\t\"width\": 112,\n\t\t\t\t\"height\": 117\n\t\t\t}\n\t\t}\n\t}\n},\n\"animations\": {\n\t\"animation\": {\n\t\t\"bones\": {\n\t\t\t\"6\": {\n\t\t\t\t\"scale\": [\n\t\t\t\t\t{\n\t\t\t\t\t\t\"time\": 0,\n\t\t\t\t\t\t\"x\": 1.024,\n\t\t\t\t\t\t\"y\": 1.024,\n\t\t\t\t\t\t\"curve\": [ 0.382, 0.58, 0.731, 1 ]\n\t\t\t\t\t},\n\t\t\t\t\t{\n\t\t\t\t\t\t\"time\": 0.1,\n\t\t\t\t\t\t\"x\": 1,\n\t\t\t\t\t\t\"y\": 1,\n\t\t\t\t\t\t\"curve\": [ 0.25, 0, 0.75, 1 ]\n\t\t\t\t\t},\n\t\t\t\t\t{\n\t\t\t\t\t\t\"time\": 0.4333,\n\t\t\t\t\t\t\"x\": 1.1,\n\t\t\t\t\t\t\"y\": 1.1,\n\t\t\t\t\t\t\"curve\": [ 0.25, 0, 0.75, 1 ]\n\t\t\t\t\t},\n\t\t\t\t\t{\n\t\t\t\t\t\t\"time\": 0.7667,\n\t\t\t\t\t\t\"x\": 1,\n\t\t\t\t\t\t\"y\": 1,\n\t\t\t\t\t\t\"curve\": [ 0.25, 0, 0.75, 1 ]\n\t\t\t\t\t},\n\t\t\t\t\t{\n\t\t\t\t\t\t\"time\": 1.1,\n\t\t\t\t\t\t\"x\": 1.1,\n\t\t\t\t\t\t\"y\": 1.1,\n\t\t\t\t\t\t\"curve\": [ 0.25, 0, 0.75, 1 ]\n\t\t\t\t\t},\n\t\t\t\t\t{\n\t\t\t\t\t\t\"time\": 1.4333,\n\t\t\t\t\t\t\"x\": 1,\n\t\t\t\t\t\t\"y\": 1,\n\t\t\t\t\t\t\"curve\": [ 0.25, 0, 0.75, 1 ]\n\t\t\t\t\t},\n\t\t\t\t\t{\n\t\t\t\t\t\t\"time\": 1.7667,\n\t\t\t\t\t\t\"x\": 1.1,\n\t\t\t\t\t\t\"y\": 1.1,\n\t\t\t\t\t\t\"curve\": [ 0.243, 0, 0.655, 0.63 ]\n\t\t\t\t\t},\n\t\t\t\t\t{ \"time\": 2, \"x\": 1.024, \"y\": 1.024 }\n\t\t\t\t]\n\t\t\t},\n\t\t\t\"5\": {\n\t\t\t\t\"rotate\": [\n\t\t\t\t\t{\n\t\t\t\t\t\t\"time\": 0,\n\t\t\t\t\t\t\"angle\": -5.15,\n\t\t\t\t\t\t\"curve\": [ 0.25, 0, 0.75, 1 ]\n\t\t\t\t\t},\n\t\t\t\t\t{\n\t\t\t\t\t\t\"time\": 0.3333,\n\t\t\t\t\t\t\"angle\": 0,\n\t\t\t\t\t\t\"curve\": [ 0.25, 0, 0.75, 1 ]\n\t\t\t\t\t},\n\t\t\t\t\t{\n\t\t\t\t\t\t\"time\": 0.6667,\n\t\t\t\t\t\t\"angle\": -5.15,\n\t\t\t\t\t\t\"curve\": [ 0.25, 0, 0.75, 1 ]\n\t\t\t\t\t},\n\t\t\t\t\t{\n\t\t\t\t\t\t\"time\": 1,\n\t\t\t\t\t\t\"angle\": 0,\n\t\t\t\t\t\t\"curve\": [ 0.25, 0, 0.75, 1 ]\n\t\t\t\t\t},\n\t\t\t\t\t{\n\t\t\t\t\t\t\"time\": 1.3333,\n\t\t\t\t\t\t\"angle\": -5.15,\n\t\t\t\t\t\t\"curve\": [ 0.25, 0, 0.75, 1 ]\n\t\t\t\t\t},\n\t\t\t\t\t{\n\t\t\t\t\t\t\"time\": 1.6667,\n\t\t\t\t\t\t\"angle\": 0,\n\t\t\t\t\t\t\"curve\": [ 0.25, 0, 0.75, 1 ]\n\t\t\t\t\t},\n\t\t\t\t\t{ \"time\": 2, \"angle\": -5.15 }\n\t\t\t\t]\n\t\t\t}\n\t\t}\n\t}\n}\n}","_skeletonJson":{"skeleton":{"hash":"d9V1xhF2JOjLyqmLhpI2xarmK0U","spine":"3.6.53","width":438.55,"height":566.08,"images":"./images/"},"bones":[{"name":"root"},{"name":"5","parent":"root","x":-3.69,"y":-51.62},{"name":"6","parent":"5","x":4.3,"y":59.34}],"slots":[{"name":"3","bone":"5","attachment":"3"}],"skins":{"default":{"3":{"3":{"type":"mesh","uvs":[1,0.21754,1,0.43354,1,0.63954,1,0.83154,1,1,0.84333,1,0.65947,1,0.41711,1,0.22209,1,0,1,0,0.77609,0,0.55138,0,0.32617,0,0.16489,0,0,0.1267,0,0.32936,0,0.57172,0,0.80781,0,1,0,0.14551,0.32354,0.19774,0.17954,0.34817,0.10354,0.55083,0.08154,0.71588,0.13954,0.81199,0.25154,0.86004,0.41354,0.88929,0.58954,0.87467,0.75154,0.7514,0.85954,0.56754,0.91154,0.36697,0.91354,0.19983,0.83354,0.10372,0.67954,0.11417,0.48154,0.33561,0.2825,0.33766,0.50071,0.3315,0.70712,0.5307,0.7366,0.53891,0.47319,0.52659,0.29037,0.72168,0.30216,0.72784,0.49481,0.734,0.72284],"triangles":[22,16,23,23,17,24,21,16,22,25,24,18,35,21,22,40,22,23,40,23,24,35,22,40,41,24,25,40,24,41,20,13,21,20,21,35,26,25,0,41,25,26,39,40,41,34,12,20,42,41,26,39,41,42,39,36,35,39,35,40,20,35,36,34,20,36,27,26,1,42,26,27,33,11,34,33,34,36,37,33,36,43,42,27,38,36,39,38,39,42,38,42,43,37,36,38,28,43,27,28,27,2,32,33,37,10,33,32,29,43,28,29,30,38,29,38,43,31,37,38,31,38,30,32,37,31,8,32,31,7,31,30,6,30,29,5,29,28,23,16,17,24,17,18,13,14,15,21,15,16,13,15,21,18,19,0,0,25,18,12,13,20,26,0,1,11,12,34,27,1,2,10,11,33,28,2,3,9,10,32,9,32,8,8,31,7,7,30,6,5,28,3,6,29,5,5,3,4],"vertices":[1,1,60.69,84.67,1,1,1,60.69,59.39,1,1,1,60.69,35.29,1,1,1,60.69,12.83,1,1,1,60.69,-6.88,1,1,1,43.14,-6.88,1,1,1,22.55,-6.88,1,1,1,-4.59,-6.88,1,1,1,-26.44,-6.88,1,1,1,-51.31,-6.88,1,1,1,-51.31,19.32,1,1,1,-51.31,45.61,1,1,1,-51.31,71.96,1,1,1,-51.31,90.83,1,1,1,-51.31,110.12,1,1,1,-37.12,110.12,1,1,1,-14.42,110.12,1,1,1,12.72,110.12,1,1,1,39.16,110.12,1,1,1,60.69,110.12,1,1,2,-39.31,12.92,1,1,2,-33.46,29.77,1,1,2,-16.62,38.66,1,1,2,6.08,41.24,1,1,2,24.57,34.45,1,1,2,35.33,21.35,1,1,2,40.71,2.39,1,1,2,43.99,-18.2,1,1,2,42.35,-37.15,1,1,2,28.55,-49.79,1,1,2,7.95,-55.87,1,1,2,-14.51,-56.11,1,1,2,-33.23,-46.75,1,1,2,-43.99,-28.73,1,1,2,-42.82,-5.56,1,1,2,-18.02,17.73,1,1,2,-17.79,-7.8,1,1,2,-18.48,-31.95,1,1,2,3.83,-35.4,1,1,2,4.75,-4.58,1,1,2,3.37,16.81,1,1,2,25.22,15.43,1,1,2,25.91,-7.11,1,1,2,26.6,-33.79,1],"hull":20,