{"__type__":"sp.SkeletonData","_name":"item4","skeletonJsonStr":"{\n\"skeleton\": { \"hash\": \"k7vMGk6PjU3sHO4jaLLO8dnoYnU\", \"spine\": \"3.6.53\", \"width\": 438.55, \"height\": 566.08, \"images\": \"./images/\" },\n\"bones\": [\n\t{ \"name\": \"root\" },\n\t{ \"name\": \"11\", \"parent\": \"root\", \"x\": -1.61, \"y\": -55.06 },\n\t{ \"name\": \"12\", \"parent\": \"11\", \"x\": 5.16, \"y\": 55.04 }\n],\n\"slots\": [\n\t{ \"name\": \"6\", \"bone\": \"11\", \"attachment\": \"4\" }\n],\n\"skins\": {\n\t\"default\": {\n\t\t\"6\": {\n\t\t\t\"4\": {\n\t\t\t\t\"type\": \"mesh\",\n\t\t\t\t\"uvs\": [ 1, 0.16733, 1, 0.36962, 1, 0.58362, 1, 0.83574, 1, 1, 0.8375, 1, 0.64626, 1, 0.43326, 1, 0.2097, 1, 0, 1, 0, 0.87092, 0, 0.68623, 0, 0.4517, 0, 0.2289, 0, 0, 0.10626, 0, 0.35376, 0, 0.58626, 0, 0.80376, 0, 1, 0, 0.16517, 0.24498, 0.27306, 0.14949, 0.43185, 0.08908, 0.61506, 0.08908, 0.76164, 0.18067, 0.86749, 0.29954, 0.91024, 0.42816, 0.90821, 0.60159, 0.8451, 0.73411, 0.72499, 0.84323, 0.56621, 0.8939, 0.37892, 0.88221, 0.21199, 0.80621, 0.10003, 0.662, 0.08578, 0.48662, 0.10817, 0.32488, 0.32192, 0.30344, 0.22421, 0.45544, 0.30564, 0.6737, 0.48885, 0.73021, 0.72092, 0.65616, 0.74331, 0.43985, 0.67817, 0.23718, 0.46646, 0.21575, 0.51124, 0.43985 ],\n\t\t\t\t\"triangles\": [ 22, 17, 23, 21, 16, 22, 24, 23, 18, 43, 22, 23, 21, 22, 43, 42, 23, 24, 43, 23, 42, 21, 20, 15, 25, 24, 0, 36, 21, 43, 20, 21, 36, 35, 13, 20, 26, 25, 1, 44, 43, 42, 36, 43, 44, 25, 41, 42, 25, 42, 24, 41, 25, 26, 44, 42, 41, 36, 35, 20, 37, 36, 44, 37, 35, 36, 34, 12, 35, 37, 34, 35, 27, 41, 26, 27, 26, 2, 40, 44, 41, 40, 41, 27, 33, 34, 37, 38, 37, 44, 39, 38, 44, 33, 37, 38, 11, 34, 33, 40, 39, 44, 28, 40, 27, 32, 33, 38, 28, 27, 3, 29, 40, 28, 39, 40, 29, 10, 33, 32, 31, 38, 39, 32, 38, 31, 30, 39, 29, 31, 39, 30, 8, 32, 31, 7, 31, 30, 6, 30, 29, 5, 29, 28, 18, 19, 0, 13, 14, 15, 8, 9, 10, 5, 3, 4, 23, 17, 18, 22, 16, 17, 21, 15, 16, 24, 18, 0, 20, 13, 15, 25, 0, 1, 12, 13, 35, 26, 1, 2, 11, 12, 34, 27, 2, 3, 10, 11, 33, 32, 8, 10, 8, 31, 7, 7, 30, 6, 5, 28, 3, 6, 29, 5 ],\n\t\t\t\t\"vertices\": [ 1, 1, 60.61, 93.98, 1, 1, 1, 60.61, 70.31, 1, 1, 1, 60.61, 45.27, 1, 1, 1, 60.61, 15.78, 1, 1, 1, 60.61, -3.44, 1, 1, 1, 42.41, -3.44, 1, 1, 1, 20.99, -3.44, 1, 1, 1, -2.87, -3.44, 1, 1, 1, -27.91, -3.44, 1, 1, 1, -51.39, -3.44, 1, 1, 1, -51.39, 11.66, 1, 1, 1, -51.39, 33.27, 1, 1, 1, -51.39, 60.71, 1, 1, 1, -51.39, 86.78, 1, 1, 1, -51.39, 113.56, 1, 1, 1, -39.49, 113.56, 1, 1, 1, -11.77, 113.56, 1, 1, 1, 14.27, 113.56, 1, 1, 1, 38.63, 113.56, 1, 1, 1, 60.61, 113.56, 1, 1, 2, -38.05, 29.86, 1, 1, 2, -25.97, 41.03, 1, 1, 2, -8.18, 48.1, 1, 1, 2, 12.34, 48.1, 1, 1, 2, 28.75, 37.38, 1, 1, 2, 40.61, 23.47, 1, 1, 2, 45.4, 8.42, 1, 1, 2, 45.17, -11.87, 1, 1, 2, 38.1, -27.37, 1, 1, 2, 24.65, -40.14, 1, 1, 2, 6.86, -46.07, 1, 1, 2, -14.11, -44.7, 1, 1, 2, -32.81, -35.81, 1, 1, 2, -45.35, -18.94, 1, 1, 2, -46.94, 1.58, 1, 1, 2, -44.44, 20.51, 1, 1, 2, -20.5, 23.02, 1, 1, 2, -31.44, 5.23, 1, 1, 2, -22.32, -20.3, 1, 1, 2, -1.8, -26.92, 1, 1, 2, 24.19, -18.25, 1, 1, 2, 26.7, 7.06, 1, 1, 2, 19.4, 30.77, 1, 1, 2, -4.31, 33.28, 1, 1, 2, 0.71, 7.06, 1 ],\n\t\t\t\t\"hull\": 20,\n\t\t\t\t\"edges\": [ 26, 28, 24, 26, 22, 24, 18, 20, 20, 22, 0, 38, 0, 2, 2, 4, 4, 6, 6, 8, 16, 18, 14, 16, 12, 14, 8, 10, 10, 12, 36, 38, 34, 36, 32, 34, 28, 30, 30, 32, 40, 42, 42, 44, 44, 46, 46, 48, 48, 50, 50, 52, 52, 54, 54, 56, 56, 58, 58, 60, 60, 62, 62, 64, 64, 66, 66, 68, 68, 70, 70, 40 ],\n\t\t\t\t\"width\": 112,\n\t\t\t\t\"height\": 117\n\t\t\t}\n\t\t}\n\t}\n},\n\"animations\": {\n\t\"animation\": {\n\t\t\"bones\": {\n\t\t\t\"12\": {\n\t\t\t\t\"scale\": [\n\t\t\t\t\t{\n\t\t\t\t\t\t\"time\": 0,\n\t\t\t\t\t\t\"x\": 1.024,\n\t\t\t\t\t\t\"y\": 1.024,\n\t\t\t\t\t\t\"curve\": [ 0.382, 0.58, 0.731, 1 ]\n\t\t\t\t\t},\n\t\t\t\t\t{ \"time\": 0.1, \"x\": 1, \"y\": 1 },\n\t\t\t\t\t{\n\t\t\t\t\t\t\"time\": 0.4333,\n\t\t\t\t\t\t\"x\": 1.1,\n\t\t\t\t\t\t\"y\": 1.1,\n\t\t\t\t\t\t\"curve\": [ 0.25, 0, 0.75, 1 ]\n\t\t\t\t\t},\n\t\t\t\t\t{\n\t\t\t\t\t\t\"time\": 0.7667,\n\t\t\t\t\t\t\"x\": 1,\n\t\t\t\t\t\t\"y\": 1,\n\t\t\t\t\t\t\"curve\": [ 0.25, 0, 0.75, 1 ]\n\t\t\t\t\t},\n\t\t\t\t\t{\n\t\t\t\t\t\t\"time\": 1.1,\n\t\t\t\t\t\t\"x\": 1.1,\n\t\t\t\t\t\t\"y\": 1.1,\n\t\t\t\t\t\t\"curve\": [ 0.25, 0, 0.75, 1 ]\n\t\t\t\t\t},\n\t\t\t\t\t{\n\t\t\t\t\t\t\"time\": 1.4333,\n\t\t\t\t\t\t\"x\": 1,\n\t\t\t\t\t\t\"y\": 1,\n\t\t\t\t\t\t\"curve\": [ 0.25, 0, 0.75, 1 ]\n\t\t\t\t\t},\n\t\t\t\t\t{\n\t\t\t\t\t\t\"time\": 1.7667,\n\t\t\t\t\t\t\"x\": 1.1,\n\t\t\t\t\t\t\"y\": 1.1,\n\t\t\t\t\t\t\"curve\": [ 0.243, 0, 0.655, 0.63 ]\n\t\t\t\t\t},\n\t\t\t\t\t{ \"time\": 2, \"x\": 1.024, \"y\": 1.024 }\n\t\t\t\t]\n\t\t\t},\n\t\t\t\"11\": {\n\t\t\t\t\"rotate\": [\n\t\t\t\t\t{\n\t\t\t\t\t\t\"time\": 0,\n\t\t\t\t\t\t\"angle\": -5.15,\n\t\t\t\t\t\t\"curve\": [ 0.25, 0, 0.75, 1 ]\n\t\t\t\t\t},\n\t\t\t\t\t{\n\t\t\t\t\t\t\"time\": 0.3333,\n\t\t\t\t\t\t\"angle\": 0,\n\t\t\t\t\t\t\"curve\": [ 0.25, 0, 0.75, 1 ]\n\t\t\t\t\t},\n\t\t\t\t\t{\n\t\t\t\t\t\t\"time\": 0.6667,\n\t\t\t\t\t\t\"angle\": -5.15,\n\t\t\t\t\t\t\"curve\": [ 0.25, 0, 0.75, 1 ]\n\t\t\t\t\t},\n\t\t\t\t\t{\n\t\t\t\t\t\t\"time\": 1,\n\t\t\t\t\t\t\"angle\": 0,\n\t\t\t\t\t\t\"curve\": [ 0.25, 0, 0.75, 1 ]\n\t\t\t\t\t},\n\t\t\t\t\t{\n\t\t\t\t\t\t\"time\": 1.3333,\n\t\t\t\t\t\t\"angle\": -5.15,\n\t\t\t\t\t\t\"curve\": [ 0.25, 0, 0.75, 1 ]\n\t\t\t\t\t},\n\t\t\t\t\t{\n\t\t\t\t\t\t\"time\": 1.6667,\n\t\t\t\t\t\t\"angle\": 0,\n\t\t\t\t\t\t\"curve\": [ 0.25, 0, 0.75, 1 ]\n\t\t\t\t\t},\n\t\t\t\t\t{ \"time\": 2, \"angle\": -5.15 }\n\t\t\t\t]\n\t\t\t}\n\t\t}\n\t}\n}\n}","_skeletonJson":{"skeleton":{"hash":"k7vMGk6PjU3sHO4jaLLO8dnoYnU","spine":"3.6.53","width":438.55,"height":566.08,"images":"./images/"},"bones":[{"name":"root"},{"name":"11","parent":"root","x":-1.61,"y":-55.06},{"name":"12","parent":"11","x":5.16,"y":55.04}],"slots":[{"name":"6","bone":"11","attachment":"4"}],"skins":{"default":{"6":{"4":{"type":"mesh","uvs":[1,0.16733,1,0.36962,1,0.58362,1,0.83574,1,1,0.8375,1,0.64626,1,0.43326,1,0.2097,1,0,1,0,0.87092,0,0.68623,0,0.4517,0,0.2289,0,0,0.10626,0,0.35376,0,0.58626,0,0.80376,0,1,0,0.16517,0.24498,0.27306,0.14949,0.43185,0.08908,0.61506,0.08908,0.76164,0.18067,0.86749,0.29954,0.91024,0.42816,0.90821,0.60159,0.8451,0.73411,0.72499,0.84323,0.56621,0.8939,0.37892,0.88221,0.21199,0.80621,0.10003,0.662,0.08578,0.48662,0.10817,0.32488,0.32192,0.30344,0.22421,0.45544,0.30564,0.6737,0.48885,0.73021,0.72092,0.65616,0.74331,0.43985,0.67817,0.23718,0.46646,0.21575,0.51124,0.43985],"triangles":[22,17,23,21,16,22,24,23,18,43,22,23,21,22,43,42,23,24,43,23,42,21,20,15,25,24,0,36,21,43,20,21,36,35,13,20,26,25,1,44,43,42,36,43,44,25,41,42,25,42,24,41,25,26,44,42,41,36,35,20,37,36,44,37,35,36,34,12,35,37,34,35,27,41,26,27,26,2,40,44,41,40,41,27,33,34,37,38,37,44,39,38,44,33,37,38,11,34,33,40,39,44,28,40,27,32,33,38,28,27,3,29,40,28,39,40,29,10,33,32,31,38,39,32,38,31,30,39,29,31,39,30,8,32,31,7,31,30,6,30,29,5,29,28,18,19,0,13,14,15,8,9,10,5,3,4,23,17,18,22,16,17,21,15,16,24,18,0,20,13,15,25,0,1,12,13,35,26,1,2,11,12,34,27,2,3,10,11,33,32,8,10,8,31,7,7,30,6,5,28,3,6,29,5],"vertices":[1,1,60.61,93.98,1,1,1,60.61,70.31,1,1,1,60.61,45.27,1,1,1,60.61,15.78,1,1,1,60.61,-3.44,1,1,1,42.41,-3.44,1,1,1,20.99,-3.44,1,1,1,-2.87,-3.44,1,1,1,-27.91,-3.44,1,1,1,-51.39,-3.44,1,1,1,-51.39,11.66,1,1,1,-51.39,33.27,1,1,1,-51.39,60.71,1,1,1,-51.39,86.78,1,1,1,-51.39,113.56,1,1,1,-39.49,113.56,1,1,1,-11.77,113.56,1,1,1,14.27,113.56,1,1,1,38.63,113.56,1,1,1,60.61,113.56,1,1,2,-38.05,29.86,1,1,2,-25.97,41.03,1,1,2,-8.18,48.1,1,1,2,12.34,48.1,1,1,2,28.75,37.38,1,1,2,40.61,23.47,1,1,2,45.4,8.42,1,1,2,45.17,-11.87,1,1,2,38.1,-27.37,1,1,2,24.65,-40.14,1,1,2,6.86,-46.07,1,1,2,-14.11,-44.7,1,1,2,-32.81,-35.81,1,1,2,-45.35,-18.94,1,1,2,-46.94,1.58,1,1,2,-44.44,20.51,1,1,2,-20.5,23.02,1,1,2,-31.44,5.23,1,1,2,-22.32,-20.3,1,1,2,-1.8,-26.92,1,1,2,24.19,-18.25,1,1,2,26.7,7.06,1,1,2,19.4,30.77,1,1,2,-4.31,33.28,1,1,2,0.71,7.06,1],"hull":20,